Piper Gawen,pgawen0@diigo.com
Dosi Bullingham,dbullingham1@sun.com
Wendy Jamblin,wjamblin2@opensource.org
Maxi O'Cooney,mocooney3@wikipedia.org
Donnie Avraham,davraham4@gnu.org
Ruby Rival,rrival5@biblegateway.com
Jecho Smeed,jsmeed6@homestead.com
Lynelle Gillman,lgillman7@arizona.edu
Noel Tukesby,ntukesby8@dyndns.org
Thaine Jonin,tjonin9@alibaba.com
Mercie Lakeland,mlakelanda@goo.ne.jp
Kevyn Dehm,kdehmb@studiopress.com
Warner Patsall,wpatsallc@ox.ac.uk
Andrus Sime,asimed@indiatimes.com
Ellis Dunbar,edunbare@livejournal.com
Doralyn Malthouse,dmalthousef@unblog.fr
Nora Garlicke,ngarlickeg@arstechnica.com
Rourke Acres,racresh@oracle.com
Rosalie Dockreay,rdockreayi@omniture.com
Janenna Saben,jsabenj@gmpg.org
Jena Caldow,jcaldowk@bloomberg.com
Malory Sherrington,msherringtonl@umn.edu
Broddie Raleston,bralestonm@cam.ac.uk
Tessie Lagen,tlagenn@yellowpages.com
Ginevra Greneham,ggrenehamo@unc.edu
Wilow Cassel,wcasselp@studiopress.com
Jaime Dun,jdunq@mapy.cz
Charmaine Yesinov,cyesinovr@house.gov
Elwin Vasilchenko,evasilchenkos@chronoengine.com
Keary Dansie,kdansiet@sphinn.com
Angelia Tibbs,atibbsu@dagondesign.com
Doretta Shutle,dshutlev@yellowbook.com
Nevin Ivakhno,nivakhnow@engadget.com
Sosanna Winterscale,swinterscalex@sbwire.com
Gilberto Chipperfield,gchipperfieldy@cnbc.com
Rozalin Pendre,rpendrez@canalblog.com
Fidelio Killeen,fkilleen10@unc.edu
Rodrique Chaster,rchaster11@hc360.com
Pavel Dahlback,pdahlback12@boston.com
Wilmar Passey,wpassey13@imageshack.us
Amalea Hiley,ahiley14@marketwatch.com
Siana Danshin,sdanshin15@biblegateway.com
Desmond Nance,dnance16@salon.com
York La Grange,yla17@google.it
Essa Stockoe,estockoe18@cbsnews.com
Terrel Ravenhill,travenhill19@hibu.com
Phineas Dabel,pdabel1a@cbc.ca
Martica Emmanueli,memmanueli1b@ibm.com
Durand Woolpert,dwoolpert1c@nature.com
Garvy Lempenny,glempenny1d@auda.org.au
Rikki Dabourne,rdabourne1e@hibu.com
Hilton Nenci,hnenci1f@joomla.org
Harald Creany,hcreany1g@opera.com
Vi Fannon,vfannon1h@comcast.net
Chase Vasnev,cvasnev1i@stumbleupon.com
Elsa Rooze,erooze1j@princeton.edu
Derek Dohmann,ddohmann1k@tumblr.com
Bernardina Lilleyman,blilleyman1l@usda.gov
Nancee Dedrick,ndedrick1m@earthlink.net
Paulo Swetenham,pswetenham1n@webnode.com
Rosmunda Savile,rsavile1o@themeforest.net
Zollie Earie,zearie1p@discovery.com
Ferdy Bendson,fbendson1q@yellowpages.com
Remington Carnew,rcarnew1r@ucla.edu
Roxie Keasy,rkeasy1s@netlog.com
Marlo Ravel,mravel1t@icq.com
Lynna Svanini,lsvanini1u@ustream.tv
Eal Ivanikhin,eivanikhin1v@meetup.com
Moll Godden,mgodden1w@bravesites.com
Kingston Berrington,kberrington1x@redcross.org
Jamesy Flindall,jflindall1y@diigo.com
Ivan Lightfoot,ilightfoot1z@microsoft.com
Cory Gruszczak,cgruszczak20@dagondesign.com
Eveleen Joskowitz,ejoskowitz21@biblegateway.com
Domini Brittian,dbrittian22@usgs.gov
Leticia Iamittii,liamittii23@ucoz.ru
Kilian Bridgeman,kbridgeman24@europa.eu
Pooh Buckby,pbuckby25@nih.gov
Hedda McCart,hmccart26@e-recht24.de
Hayward Kurton,hkurton27@prnewswire.com
Irwin Bucksey,ibucksey28@yellowpages.com
Brit Wigsell,bwigsell29@chronoengine.com
Beatrice Whatman,bwhatman2a@tiny.cc
Gideon Gillean,ggillean2b@who.int
Cliff MacHarg,cmacharg2c@pinterest.com
Vanya De Gregario,vde2d@engadget.com
Steffane Malkin,smalkin2e@ft.com
Faina Milsap,fmilsap2f@columbia.edu
Bobbye Addionizio,baddionizio2g@huffingtonpost.com
Novelia Bresson,nbresson2h@constantcontact.com
Skipper Coppock.,scoppock2i@quantcast.com
Andree Gallimore,agallimore2j@sourceforge.net
Oliy Stoffers,ostoffers2k@soundcloud.com
Alvis Stichall,astichall2l@ow.ly
Candi Gleadle,cgleadle2m@plala.or.jp
Umeko Grafham,ugrafham2n@clickbank.net
Kory MacAfee,kmacafee2o@wsj.com
Reinold Riby,rriby2p@51.la
Torrin Selliman,tselliman2q@auda.org.au
Nicky Bleyman,nbleyman2r@google.it
